word,n
women,418
movement,355
south,194
trump,190
election,186
sex,165
donald,161
korea,150
trump's,115
feminist,108
president,106
marriage,103
victory,102
dating,100
korean,84
win,74
american,67
online,65
class,63
gender,62
social,59
trump’s,56
media,55
united,53
news,50
presidential,49
november,48
choice,44
elect,44
rights,44
u.s,44
woman,44
body,42
childbirth,42
protest,41
relationships,41
tiktok,41
political,38
abortion,35
harris,35
time,35
delivered,34
people,34
newstex,32
reproductive,32
content,31
radical,31
sexual,31
country,30
heterosexual,30
results,30
violence,30
strong,29
children,28
life,28
liberal,27
white,27
response,26
women's,26
house,25
paragraph,25
post,25
voters,25
wake,25
conservative,24
day,24
world,24
america,23
term,23
voted,23
strike,22
days,21
equality,21
male,21
misogyny,21
staff,21
bihon,20
biyeonae,20
feminists,20
lives,20
bichulsan,19
bisekseu,19
december,19
instagram,19
law,19
care,18
republican,18
search,18
trend,18
viral,18
gen,17
hair,17
traditional,17
videos,17
vote,17
biden,16
data,16
date,16
feminism,16
found,16
harassment,16
kamala,16
lee,16
national,16
principles,16
recent,16
times,16
boycotting,15
campaign,15
climate,15
community,15
fox,15
fuentes,15
motherhood,15
rise,15
skip,15
surge,15
abuse,14
ago,14
autonomy,14
bi,14
called,14
female,14
form,14
friends,14
heads,14
hours,14
night,14
politics,14
single,14
started,14
won,14
yoon,14
administration,13
americans,13
anti,13
birth,13
celibacy,13
custom,13
google,13
government,13
left,13
martial,13
newsletter,13
originating,13
party,13
percent,13
phenomenon,13
shaving,13
society,13
straight,13
traction,13
washington,13
babies,12
based,12
call,12
calls,12
chief,12
cnn,12
communities,12
contact,12
control,12
decision,12
florida,12
gained,12
hannity,12
hate,12
it’s,12
joining,12
living,12
nos,12
opinion,12
phrase,12
power,12
recently,12
report,12
swearing,12
taking,12
told,12
advertise,11
agency,11
change,11
generation,11
host,11
join,11
meet,11
misogynistic,11
moment,11
movements,11
office,11
patriarchy,11
reject,11
rejection,11
romantic,11
rose,11
searches,11
short,11
starting,11
swear,11
users,11
war,11
article,10
backlash,10
black,10
born,10
breaking,10
court,10
democrats,10
encourages,10
family,10
fight,10
gaining,10
hold,10
indian,10
influencers,10
li,10
message,10
mevs,10
millions,10
mother,10
past,10
pay,10
plan,10
reclaim,10
reported,10
seoul,10
spectator,10
student,10
tuesday,10
ukraine,10
abstaining,9
advocates,9
begin,9
bodies,9
campus,9
democratic,9
divide,9
encouraging,9
expectations,9
express,9
federal,9
feel,9
follow,9
growing,9
health,9
history,9
homan,9
idea,9
ideas,9
isd,9
joe,9
leaning,9
major,9
manosphere,9
married,9
million,9
originated,9
population,9
reaction,9
real,9
reason,9
sc,9
sharing,9
site,9
sparked,9
support,9
thousands,9
tonight,9
user,9
voting,9
wrote,9
announced,8
app,8
attention,8
center,8
changed,8
college,8
countries,8
daily,8
decisive,8
democrat,8
economic,8
elected,8
embracing,8
facebook,8
gains,8
global,8
head,8
https,8
kids,8
ladies,8
laws,8
led,8
lot,8
love,8
marry,8
matter,8
metoo,8
morning,8
named,8
nation,8
newsweek,8
nick,8
norms,8
nov,8
page,8
play,8
policies,8
popular,8
previous,8
rates,8
reality,8
record,8
referendum,8
refusing,8
set,8
start,8
story,8
supreme,8
vice,8
video,8
york,8
action,7
actions,7
address,7
adopt,7
apps,7
art,7
assault,7
attacks,7
bodily,7
border,7
bumble,7
candidate,7
celebrate,7
coming,7
comment,7
concerns,7
current,7
declared,7
defense,7
dir,7
due,7
elections,7
electoral,7
emboldened,7
emergency,7
emerging,7
en,7
exit,7
expected,7
explosion,7
features,7
food,7
forever,7
giving,7
greek,7
half,7
historic,7
husband,7
increased,7
inspired,7
institute,7
issues,7
largest,7
liberals,7
link,7
loss,7
low,7
ltr,7
lysistrata,7
maga,7
market,7
parliament,7
patriarchal,7
photo,7
platform,7
platforms,7
polls,7
presidency,7
question,7
reached,7
rejects,7
reports,7
reproduction,7
return,7
risk,7
screen,7
sean,7
sense,7
signs,7
societal,7
struggle,7
takes,7
terms,7
texas,7
there’s,7
top,7
true,7
views,7
warning,7
writer,7
a.m,6
alopecia,6
amid,6
blame,6
boys,6
business,6
canada,6
celebrating,6
childbearing,6
choices,6
city,6
comeback,6
culture,6
cut,6
death,6
decide,6
decided,6
digital,6
east,6
emerged,6
fear,6
figure,6
freedom,6
friday,6
future,6
gap,6
gop,6
heard,6
hill,6
immediately,6
include,6
increase,6
interconnected,6
international,6
ji,6
key,6
lead,6
leader,6
live,6
majority,6
meaning,6
mid,6
modern,6
momentum,6
nation's,6
nonprofit,6
north,6
officially,6
officials,6
overturning,6
parents,6
planning,6
police,6
policy,6
powerful,6
press,6
profiles,6
promised,6
published,6
rebuke,6
red,6
reelection,6
rejecting,6
related,6
reportedly,6
responded,6
roles,6
romance,6
seattle,6
security,6
sexist,6
sports,6
stop,6
stories,6
street,6
students,6
submit,6
suk,6
sweeping,6
talk,6
text,6
thomas,6
tuesday's,6
university,6
votes,6
week,6
west,6
wives,6
yeol,6
abstinence,5
access,5
act,5
aftermath,5
analysis,5
angry,5
anniversary,5
aristophanes,5
assuming,5
atlanta,5
attack,5
attorney,5
awareness,5
azerbaijan,5
balance,5
beat,5
bizarre,5
blue,5
bonnie,5
boycotts,5
boyfriend,5
cafe,5
calling,5
capitol,5
cat,5
celibate,5
century,5
child,5
clad,5
column,5
columns,5
combat,5
commitment,5
considered,5
container,5
cry,5
currents,5
d.c,5
decades,5
declaring,5
decline,5
deeply,5
degrees,5
demand,5
department,5
determined,5
developed,5
discrimination,5
discussing,5
donate,5
echo,5
element,5
experience,5
extremism,5
fed,5
fetish,5
fjtdqt,5
focus,5
gaetz,5
growth,5
gtm,5
happily,5
hawk,5
highly,5
holidays,5
http,5
husbands,5
ideology,5
inauguration,5
increasingly,5
independent,5
influence,5
information,5
intimate,5
involves,5
jada,5
jindal,5
jobs,5
jokingly,5
julia,5
king,5
late,5
laugh,5
learn,5
line,5
list__styledlistitem,5
looked,5
loud,5
manhattan,5
marrying,5
matga,5
matt,5
means,5
mexico,5
military,5
mind,5
modulo,5
months,5
move,5
movement's,5
networks,5
organization,5
passing,5
photos,5
posts,5
primarily,5
pro,5
property,5
public,5
puzzles,5
raise,5
read,5
reads,5
ready,5
refers,5
refuse,5
refused,5
relationship,5
republicans,5
revenge,5
risen,5
roe,5
school,5
sentiment,5
sexism,5
sits,5
spread,5
stands,5
strategic,5
streets,5
strikes,5
substack,5
supported,5
supremacist,5
surged,5
surges,5
system,5
texto,5
tofana,5
tv,5
upper,5
vowed,5
vowing,5
wade,5
wedding,5
weeks,5
wing,5
wins,5
woke,5
word,5
youtube,5
active,4
adults,4
advocating,4
afp,4
age,4
agreement,4
ai,4
alert,4
ancient,4
aqua,4
article__epigraph,4
article__title,4
asia,4
aspiring,4
attacked,4
attacker,4
authorities,4
baby,4
background,4
bear,4
believed,4
boycott,4
br,4
broader,4
broligarchy,4
brought,4
brown,4
building,4
bureau,4
california,4
capitalism,4
carlos,4
catch,4
centered,4
centred,4
challenge,4
charge,4
chat,4
cherry,4
choose,4
collective,4
complete,4
completely,4
constitutional,4
controversial,4
convenience,4
couch,4
creating,4
crimes,4
crowd,4
cultural,4
czar,4
dated,4
dates,4
dec,4
decade,4
deleting,4
development,4
dialogue,4
disappointment,4
discussion,4
dismantle,4
dismayed,4
ditch,4
dobbs,4
dramatic,4
dream,4
dressed,4
echols,4
educated,4
elon,4
embrace,4
energy,4
ensure,4
equal,4
equity,4
erotic,4
evidence,4
explains,4
expressed,4
failure,4
father,4
fears,4
figures,4
finding,4
fire,4
focused,4
followers,4
force,4
free,4
freedoms,4
frustration,4
fueled,4
gallery,4
garnered,4
gay,4
georgia,4
goo,4
grew,4
güney,4
haiti,4
helped,4
hit,4
holding,4
home,4
huge,4
illegal,4
image,4
images,4
immigration,4
impact,4
incel,4
increases,4
individuals,4
ingraham,4
initiative,4
inside,4
internet,4
interview,4
investing,4
israel,4
ivans,4
january,4
joy,4
kill,4
kitchen,4
koreemerging,4
landscape,4
lang,4
language,4
legal,4
liable,4
lift,4
linked,4
links,4
losing,4
mainstream,4
makes,4
mass,4
measure,4
men's,4
mentions,4
minister,4
minutes,4
murder,4
musk,4
naked,4
network,4
nicholas,4
october,4
odds,4
opposition,4
p.m,4
pam,4
physically,4
pick,4
picks,4
pioneered,4
podcaster,4
poisoning,4
popularity,4
potential,4
price,4
priorities,4
professional,4
promoting,4
protests,4
rabbitsandtea,4
race,4
rallying,4
reader,4
readers,4
reading,4
research,4
resistance,4
responses,4
result,4
role,4
shared,4
shave,4
shift,4
sign,4
slogan,4
southern,4
speaking,4
species,4
speech,4
spoke,4
star,4
status,4
stay,4
store,4
strategy,4
sudden,4
supporters,4
supporting,4
surprised,4
survey,4
survive,4
susie,4
sweatpants,4
sweatshirt,4
tale,4
tax,4
tenets,4
thanksgiving,4
they’re,4
threats,4
thursday,4
tired,4
tom,4
topics,4
tough,4
tradwives,4
treat,4
trending,4
trends,4
twitter,4
understand,4
untied,4
unusual,4
uptick,4
version,4
view,4
vow,4
wave,4
western,4
winning,4
woman's,4
words,4
wrong,4
yelled,4
abstain,3
absurd,3
abusive,3
accused,3
achieving,3
actualizing,3
added,3
addressed,3
advantages,3
advocat,3
after.and,3
aged,3
ageing,3
ahead,3
aim,3
air,3
allowed,3
alone.a,3
alongside,3
altogether,3
andrew,3
anger,3
anna,3
annual,3
answer,3
appeared,3
appointment,3
arizona,3
arrests,3
arts,3
asian,3
aspects,3
assaulted,3
attend,3
audience,3
banding,3
beating,3
beginning,3
biggest,3
billion,3
bird,3
bitcoin,3
block,3
bobby,3
bondi,3
bread,3
bring,3
bringing,3
bros,3
bungling,3
camp,3
campaigns,3
carpenter,3
census,3
challenges,3
challenging,3
changing,3
chastity,3
checkered,3
china,3
citizen,3
claiming,3
click,3
clip,3
close,3
collapse,3
colleges,3
color,3
comedies,3
comedy,3
comments,3
companies,3
conditions,3
congressman,3
consequences,3
continue,3
contraception,3
conversation,3
convince,3
convinced,3
coordinator,3
crime,3
dakota,3
dead,3
debate,3
decenter,3
deep,3
demographic,3
denied,3
derived,3
deseret,3
design,3
desires,3
difficult,3
director,3
disadvantages,3
discontent,3
discuss,3
disparity,3
dissatisfied,3
dog,3
dominated,3
driving,3
earlier,3
economy,3
effective,3
eli,3
embroiled,3
emory,3
environment,3
epa,3
episode,3
era,3
event,3
examine,3
exciting,3
expect,3
explained,3
extreme,3
eye,3
eyes,3
factory,3
fair,3
fairytale,3
fallopian,3
feels,3
filled,3
filling,3
final,3
finance,3
flood,3
floor,3
forces,3
forward,3
founded,3
fringe,3
front,3
gangnam,3
gear,3
girls,3
goal,3
green,3
guys,3
happened,3
happening,3
happier,3
happy,3
harder,3
headlines,3
hearing,3
hindu,3
holds,3
holiday,3
horror,3
human,3
hundreds,3
identity,3
ideologies,3
including,3
increasing,3
individual,3
inequality,3
insisted,3
interrogating,3
iron,3
issue,3
italy,3
jackson,3
jessica,3
job,3
johnson,3
journalism,3
justices,3
kicks,3
kim,3
kitanaka,3
lack,3
land,3
landslide,3
laura,3
leaders,3
leaked,3
learned,3
leaves,3
leaving,3
letter,3
level,3
levi,3
light,3
limit,3
local,3
logo,3
loved,3
lydia,3
main,3
march,3
marked,3
masculinity,3
masse,3
massive,3
masters,3
masterson,3
materials,3
media’s,3
meeting,3
melts,3
mental,3
mike,3
miller,3
mini,3
minus,3
missing,3
moderate,3
monday,3
moved,3
movement’s,3
multiple,3
nationalist,3
nations,3
nbc,3
nebraska,3
newsnation,3
newsroom,3
noes,3
nomarriage,3
novae,3
offer,3
offers,3
openly,3
opportunity,3
organized,3
outdated,3
oval,3
overwhelmingly,3
participating,3
partner,3
partners,3
party's,3
passed,3
path,3
perfect,3
perfectly,3
perspectives,3
petting,3
philosophy,3
phrases,3
picked,3
pleasure,3
pledging,3
plummeting,3
podcasts,3
politically,3
polling,3
position,3
posted,3
preaches,3
pregnant,3
preliminary,3
prime,3
procedure,3
program,3
progressive,3
project,3
promotes,3
protect,3
protected,3
protection,3
protections,3
psychologist,3
publishing,3
pushing,3
questions,3
ran,3
rate,3
rearing,3
reasons,3
referendums,3
region,3
relations,3
religious,3
remarks,3
removed,3
rep,3
replies,3
reporters,3
represents,3
republic,3
resignation,3
resist,3
resounding,3
restrictions,3
returning,3
reveal,3
revealed,3
rigid,3
risks,3
rom,3
roman,3
roots,3
russia,3
sabrina,3
sad,3
scenes,3
scientists,3
season,3
seek,3
senate,3
separate,3
severely,3
sfj,3
shaved,3
signing,3
silent,3
sit,3
source,3
spanish,3
special,3
spikes,3
spoken,3
spotify,3
stance,3
stars,3
stated,3
station,3
statistics,3
steps,3
strange,3
strength,3
study,3
styled,3
subversion,3
suggesting,3
suggests,3
sunday,3
sydney,3
taps,3
target,3
tariffs,3
tate,3
taylor,3
technology,3
telling,3
tells,3
temple,3
there'll,3
topic,3
tragedy,3
triggered,3
triumph,3
trust,3
truth,3
tubes,3
ul,3
undergone,3
urges,3
valencia,3
vermont,3
victim,3
visible,3
vivek,3
waiting,3
watching,3
wed,3
welcomes,3
wellesley,3
wife,3
wiles,3
withholding,3
woman’s,3
workers,3
worlds,3
worldsources,3
worldwide,3
worried,3
worse,3
worst,3
yale,3
year's,3
zeldin,3
abc,2
abortions,2
accompanied,2
accusers,2
actress,2
ad,2
additionally,2
adds,2
administration's,2
adopting,2
ads,2
adult,2
adviser,2
advocate,2
affect,2
affiliation,2
agenda,2
agree,2
aims,2
aired,2
airlines,2
al,2
alienating,2
alienation,2
aliens,2
allegations,2
allegedly,2
amara,2
amara's,2
ambassador,2
ambition,2
ammunition,2
anchor,2
angeles,2
angle,2
anguish,2
animals,2
animosity,2
annexation,2
announcing,2
appears,2
appointed,2
approaches,2
approximately,2
arbitration,2
arlington,2
arrested,2
assailant,2
assaults,2
assets,2
athletes,2
attachments,2
attractive,2
audio,2
australian,2
author,2
author's,2
average,2
avoid,2
b's,2
backdrop,2
bad,2
balanced,2
balancing,2
bank,2
banning,2
barron,2
base,2
battery,2
bay,2
bbc,2
bearing,2
bed,2
bedroom,2
begins,2
bes,2
bias,2
biden's,2
binding,2
bit,2
blk,2
blood,2
bloodstream,2
bloomberg,2
body__paragraph,2
bogus,2
boiling,2
bomb,2
book,2
books,2
boom,2
booth,2
boyfriends,2
brace,2
brand,2
briefing,2
brigade,2
brioche,2
broke,2
broken,2
btc,2
bubble,2
buchanan,2
bunch,2
busy,2
cabinet,2
calm,2
cancel,2
can’t,2
capital,2
capture,2
career,2
caregiving,2
carolina,2
carrying,2
cars,2
cast,2
catches,2
catching,2
catholic,2
centuries,2
challenged,2
chamber,2
channel,2
charges,2
chatbot,2
check,2
cheeky,2
chopped,2
chord,2
christine,2
chronicle,2
chulsan,2
circles,2
citizenship,2
civil,2
claim,2
claims,2
classical,2
club,2
clueless,2
coaches,2
coast,2
cohort,2
cold,2
comfortable,2
commentator,2
commentators,2
commercial,2
common,2
compared,2
concede,2
concern,2
conference,2
connection,2
conquests,2
consecutive,2
considers,2
context,2
continues,2
convicted,2
cookie,2
copyright,2
core,2
corner,2
correlates,2
counterparts,2
countless,2
covers,2
created,2
credibility,2
cringiest,2
crisis,2
critic,2
criticism,2
critics,2
crusade,2
cryptoquant,2
cuban,2
cultures,2
cunning,2
cutes,2
cutter,2
cutting,2
cycle,2
cyclone,2
cynic,2
dance,2
daniella,2
dc,2
deadly,2
decentering,2
defeated,2
dei,2
delicatessen,2
denier,2
denies,2
denouncing,2
deportations,2
deputy,2
descriptions,2
desire,2
despondent,2
deutsche,2
developing,2
devised,2
differences,2
dimension,2
direct,2
disagreement,2
disappointed,2
disaster,2
discourage,2
discourse,2
discovered,2
discussed,2
dismissed,2
dispatch,2
distant,2
diversity,2
domestic,2
don’t,2
dr,2
draconian,2
drawing,2
driven,2
driver,2
drop,2
e.a.t,2
earth,2
easily,2
easy,2
ebay.com,2
editable,2
editor,2
editor's,2
editorials,2
education,2
effects,2
efficiency,2
efforts,2
egg,2
el,2
emerges,2
emotional,2
emphatic,2
empire,2
empowers,2
english,2
enjoy,2
enjoying,2
entrenched,2
entrepreneur,2
entry,2
eradicate,2
errejón,2
espouses,2
essay,2
essential,2
establishing,2
estimated,2
eszpbf,2
ethics,2
ethnicity,2
exact,2
excited,2
exclusive,2
exercise,2
existed,2
expects,2
experienced,2
expert,2
explanation,2
exploding,2
explosive,2
expose,2
facing,2
failed,2
faith,2
fake,2
false,2
fbi,2
featured,2
felon,2
feminism's,2
files,2
fill,2
financial,2
flag,2
flooded,2
flying,2
fool,2
forged,2
forgiven,2
forgo,2
forms,2
fossil,2
friend,2
frogs,2
fuel,2
functions,2
funny,2
furious,2
futility,2
gates,2
gaza,2
getty,2
girl,2
glasses,2
glimpses,2
glorifies,2
god,2
gonna,2
governor,2
gox,2
gpa,2
granite,2
graphic,2
grapple,2
greece,2
grok,2
grosland,2
grown,2
guess,2
guide,2
guiding,2
guilty,2
gunfire,2
guy,2
habits,2
han,2
handle,2
handmaid's,2
hanging,2
hanky,2
happiness,2
harmful,2
hatred,2
hazardous,2
heading__styledheading,2
heart,2
heaton,2
held,2
heroines,2
he’ll,2
he’s,2
hfot,2
highlights,2
hike,2
historically,2
hits,2
homes,2
homophone,2
hon,2
honey,2
hope,2
hopeful,2
hopes,2
hoping,2
horny,2
hostile,2
hot,2
hour,2
housing,2
humanity,2
hye,2
ibarra,2
ideal,2
idealized,2
ideological,2
ignited,2
im,2
imagery,2
img,2
immersed,2
implication,2
inbox,2
incels,2
included,2
includes,2
inclusion,2
incoming,2
indonesia,2
inequalities,2
info,2
initially,2
initiated,2
injured,2
institution,2
insulation,2
intelligence,2
intended,2
intensifying,2
interact,2
introduced,2
introduction,2
invested,2
invites,2
ironies,2
ishiba,2
israeli,2
items,2
izcaxs,2
jan,2
japan,2
jazeera,2
jazz,2
je,2
jim,2
joined,2
joking,2
jon,2
jose,2
journal,2
judges,2
jung,2
juno,2
justice,2
justified,2
kentucky,2
kills,2
kilmeade,2
kinds,2
kink,2
kinkade,2
klutzy,2
knowbrampton,2
knowing,2
knowspain,2
koreans,2
kremlin,2
la,2
laist,2
lamenting,2
latin,2
launched,2
lawmakers,2
leaderless,2
leading,2
leah,2
lebanon,2
lefty,2
legion,2
legislation,2
lengths,2
likes,2
linear,2
list__styledunorderedlist,2
literary,2
lithium,2
liver,2
lock,2
longtime,2
looms,2
los,2
lose,2
loser,2
lost,2
louisville,2
lower,2
lust,2
lynda,2
magazine,2
magdalene,2
mandate,2
manipulation,2
map,2
mark,2
marriages,2
measures,2
mediation,2
meltdown,2
messaging,2
met,2
mexican,2
midst,2
miles,2
min,2
minds,2
minor,2
minute,2
missed,2
mixed,2
mom,2
momtok,2
mood,2
moody,2
moonbat,2
mormon,2
motives,2
ms,2
mt,2
murdered,2
museum,2
muslim,2
must've,2
names,2
narrated,2
narratives,2
nationwide,2
nearby,2
neat,2
negotiation,2
net,2
newsroom.com,2
nickname,2
no's,2
nod,2
nominated,2
note,2
notes,2
noting,2
notoriously,2
nut,2
obtain,2
occurred,2
offered,2
olds,2
ontario,2
opponent,2
option,2
options,2
orange,2
orgasm,2
originally,2
outlook,2
outright,2
overly,2
overwhelmed,2
pain,2
pampers,2
panky,2
parade,2
park,2
patients,2
patricia,2
peloponnesian,2
pennsylvania,2
percentage,2
performance,2
persistent,2
personal,2
pew,2
philippines,2
photograph,2
pic.twitter.com,2
picture,2
pig,2
pillars,2
placard,2
plane,2
plato,2
played,2
plc,2
poison,2
poll,2
pollard,2
pollsters,2
poppleton,2
posed,2
positions,2
pot,2
predictably,2
predicted,2
prefer,2
preparing,2
president’s,2
pressing,2
pressure,2
previously,2
prince,2
principals,2
prior,2
priority,2
prison,2
privately,2
procedures,2
professor,2
professorparsley,2
profit,2
progress,2
prominence,2
promote,2
prompted,2
prosecutors,2
protesting,2
proud,2
provided,2
pseudonym,2
publications,2
publicly,2
pundits,2
punish,2
pushed,2
pushes,2
putin,2
quickly,2
quiet,2
quinnipiac,2
quote,2
raisin,2
rally,2
ramaswamy,2
reactions,2
reassess,2
receive,2
receives,2
receiving,2
recommended,2
recommending,2
reenact,2
reflect,2
registered,2
rejected,2
relentless,2
relevance,2
remain,2
remarkable,2
removing,2
renunciation,2
repartee,2
repeated,2
repercussion,2
representing,2
require,2
required,2
resembled,2
resented,2
reshaping,2
resident,2
resources,2
restore,2
resulting,2
reveals,2
revolution,2
ridiculous,2
rising,2
roberts,2
rogan,2
rounds,2
ruin,2
rule,2
run,2
russian,2
safety,2
salad,2
sandwiches,2
save,2
saving,2
scantily,2
sciutto,2
sea,2
searching,2
seat,2
secondary,2
sekseu,2
senator,2
sends,2
separation,2
series,2
servants,2
served,2
servers,2
service,2
share,2
sharp,2
sheet,2
shifting,2
shifts,2
shown,2
shunned,2
shut,2
sic,2
similar,2
simply,2
sin,2
singing,2
singles,2
situations,2
slams,2
slated,2
slaves,2
slightest,2
sly,2
sno,2
soared,2
soars,2
socrates,2
solid,2
solo,2
sorely,2
sort,2
sorts,2
sought,2
sound,2
sovereignty,2
spain,2
spark,2
speak,2
speaker,2
specialize,2
spending,2
spiked,2
split,2
splits,2
spot,2
spreading,2
src,2
st,2
stabbed,2
stability,2
stage,2
staged,2
stand,2
standards,2
standing,2
starbucks,2
steam,2
steeped,2
step,2
sterilization,2
sterilized,2
sticking,2
stolen,2
storms,2
strands,2
struck,2
structures,2
struggled,2
struggling,2
stuck,2
studies,2
stunning,2
style,2
subject,2
subscribe,2
subtle,2
suburban,2
subway,2
successful,2
suffer,2
suffolk,2
summit,2
sung,2
surfaced,2
surrounding,2
survives,2
swamp,2
swears,2
sweet,2
swimmingly,2
switched,2
swore,2
sworn,2
syracuse,2
systemic,2
takeover,2
talking,2
tall,2
tampa,2
tangible,2
tariff,2
teamed,2
teams,2
tech,2
technologies,2
temperatures,2
terrible,2
territory,2
that’s,2
theme,2
they’ve,2
thin,2
threatened,2
ticket,2
ties,2
tight,2
til,2
title,2
todd,2
total,2
tour,2
toxic,2
traditions,2
transfer,2
transparencies,2
trapped,2
trays,2
treated,2
treating,2
trio,2
troops,2
tropes,2
trump‘s,2
tweeted,2
type,2
types,2
u.n,2
ultimately,2
ultraconservative,2
unable,2
unanimous,2
unattractive,2
uncovered,2
understood,2
unexpected,2
unions,2
unit,2
unite,2
unleashed,2
unmarried,2
unpaid,2
unstructured,2
upset,2
uri,2
usa,2
values,2
vengeance,2
veterans,2
vibrator,2
victimization,2
victories,2
vienna,2
virtual,2
visit,2
visiting,2
wage,2
wailing,2
waltz,2
walz,2
warmers,2
waves,2
weah,2
weak,2
weaponized,2
weapons,2
weekday,2
week’s,2
weighing,2
welle,2
we’re,2
wicked,2
widespread,2
wilder,2
windows,2
wis,2
wisdom,2
withdraw,2
witty,2
woods,2
workforce,2
workplace,2
world's,2
worth,2
write,2
writers,2
writes,2
www.africa,2
www.ibtimes.com,2
yeon,2
yeonae,2
youtuber,2
zabar,2
zealous,2
非,2
비,2
_components,1
abandon,1
abbreviation,1
abolish,1
abroad,1
absence,1
absolute,1
abstract,1
absurdity,1
abundant,1
academics,1
accelerated,1
accept,1
accidental,1
accommodate,1
accomplices,1
accountability,1
accusations,1
achieve,1
achieved,1
achievement,1
achieves,1
acknowledge,1
acrylic,1
acted,1
activation,1
actively,1
activism,1
activists,1
activities,1
activity,1
acts,1
acurious,1
acutely,1
adaptation,1
adapted,1
admits,1
adores,1
advanced,1
advent,1
advising,1
afar,1
affinity,1
affixed,1
affords,1
afghanistan,1
aforementioned,1
africa,1
african,1
afternoon,1
aga,1
agencies,1
ages,1
aggressively,1
aggressiveness,1
agonizing,1
aid,1
aided,1
aimed,1
alarming,1
alayna,1
album,1
alcohol,1
alerts,1
algorithms,1
alice,1
aligned,1
alike,1
allen,1
allies,1
allude,1
ally,1
alt,1
alum,1
amanda,1
ame,1
amlo's,1
amount,1
analysts,1
analytics,1
analyzed,1
analyzes,1
andy,1
animator,1
annie,1
announces,1
anthony,1
anticipating,1
anymore,1
ap,1
apo,1
apocalyptic,1
apparent,1
apparently,1
appealed,1
appeals,1
appearance,1
apply,1
appointments,1
approach,1
approving,1
april,1
arena,1
argentina,1
argue,1
argued,1
arguing,1
argument,1
aricell,1
arms,1
arose,1
aroused,1
arrival,1
articles,1
articulate,1
articulated,1
artificial,1
artillery,1
artist,1
artz,1
ascent,1
asexuality,1
ash,1
ashli,1
aspiration,1
assembly,1
assemblywomen,1
assess,1
assesses,1
asset,1
assistance,1
assistant,1
assume,1
assumed,1
astonished,1
astonishing,1
athenians,1
atlantan,1
atmosphere,1
atmospheric,1
attachment,1
attempting,1
attitude,1
attitudes,1
attributed,1
attributing,1
attribution,1
au,1
auctions,1
audiences,1
audre,1
authorized,1
autonomously,1
avenue,1
avenues,1
averred,1
aviation,1
awaited,1
awaiting,1
awakened,1
ax,1
axiom,1
b.c,1
bachelor's,1
baier,1
baldness,1
bali,1
ballcap,1
ban,1
bananas,1
band,1
banging,1
bani,1
banking,1
bans,1
bar,1
barely,1
bargaining,1
baseball,1
basic,1
basks,1
bastille,1
bat,1
bathroom,1
batter,1
battered,1
batteries,1
battle,1
battled,1
bc,1
bdsm,1
beasley,1
beasley's,1
beast,1
beaujon,1
beauty,1
beer,1
begun,1
beliefs,1
believes,1
belittle,1
benefits,1
betrayed,1
bezos,1
bichulsa,1
bids,1
bigger,1
billboard's,1
billboards,1
binary,1
binrepository,1
bipartisan,1
biracial,1
birds,1
birthdaylifestylewhat,1
birthright,1
biseksu,1
bitter,1
bizarrely,1
blared,1
blast,1
blatant,1
blend,1
blind,1
blitzer,1
blob,1
board,1
boasted,1
bob,1
bobbi,1
bobcats,1
bonding,1
bonds,1
bongos,1
boomers,1
boost,1
boosted,1
borders,1
borrowing,1
bottom,1
bouncing,1
boysober,1
bragged,1
brain,1
brains,1
brampton,1
brand's,1
brazil,1
break,1
breakdown,1
bret,1
bretbaier,1
brian,1
brides,1
brings,1
broligarchs,1
brooklyn,1
brother,1
brunch,1
bs,1
bud's,1
bug,1
built,1
bullets,1
burning,1
burns,1
burst,1
businesses,1
buzzword,1
byck,1
calamities,1
calhoun,1
callouts,1
camera,1
campuses,1
canadian,1
canceled,1
canceling,1
cancellation,1
cancer,1
candace,1
cap,1
capped,1
captivated,1
captivating,1
caravan,1
cards,1
carnal,1
carrie,1
carroll,1
carry,1
casey,1
casual,1
catanese,1
categories,1
cattle,1
caught,1
caused,1
causing,1
cbs,1
cbsnews,1
ccs,1
cdmxcdmxcdmx,1
cdmxfeminist,1
cede,1
ceded,1
celebrated,1
cemetery,1
central,1
ceremony,1
chain,1
chair,1
chambers,1
channels,1
chant,1
chaos,1
chaperoning,1
chapter,1
character,1
characters,1
chart,1
chasm,1
chassomeris,1
chatterley,1
checking,1
checklist,1
chemo,1
cherelus,1
ches,1
chickens,1
childbir,1
china's,1
chinese,1
cho,1
choreographer,1
choreographers,1
chose,1
chosen,1
chris,1
christ,1
chronically,1
chronicled,1
chunk,1
cities,1
citing,1
civilbeat.com,1
claimed,1
classes,1
claudia,1
cleaning,1
clearer,1
cleftomaniacs,1
clifton,1
clinton,1
clips,1
closed,1
closely,1
closes,1
clouds,1
clue,1
clues,1
cnn's,1
coalesced,1
coalition,1
coco,1
coded,1
coffey,1
coffin,1
coleni,1
collaborate,1
collapses,1
colleagues,1
collectives,1
colomé,1
colonialism,1
combative,1
combined,1
comfort,1
commented,1
commenters,1
commercials,1
commiserating,1
commission,1
commissioned,1
commissioner,1
committee,1
commodity,1
commune,1
commuter,1
company,1
competitive,1
competitor,1
completes,1
comply,1
component,1
conagua,1
conceal,1
conceded,1
concocted,1
condemnation,1
condemned,1
condescending,1
condition,1
conducted,1
confined,1
confirmed,1
conform,1
confused,1
congratulations,1
congress,1
congressional,1
connect,1
connected,1
connects,1
conservations,1
conservatism,1
consideration,1
considerations,1
consistently,1
consists,1
conspiracy,1
constant,1
consultant,1
consumer,1
cont,1
contacted,1
contained,1
contemporary,1
continent,1
continued,1
contraceptive,1
contract,1
contracts,1
contributed,1
controls,1
convention,1
conventional,1
conviction,1
convincing,1
cooperation,1
cope,1
coping,1
cordeiro,1
cordial,1
corliss,1
cornish,1
corporation,1
correspond,1
costs,1
cougar,1
counselor,1
counter,1
counterprotests,1
counting,1
country's,1
county,1
couple,1
couples,1
coupling,1
court's,1
cousin,1
coverage,1
cracks,1
crashed,1
craze,1
craziest,1
crazy,1
create,1
creative,1
creator,1
creators,1
creature,1
credit,1
creditors,1
criteria,1
critical,1
criticized,1
criticizes,1
critique,1
croons,1
crowds,1
crowing,1
crucial,1
crude,1
crypto,1
cryptobreaking.com,1
cult,1
curb,1
curie's,1
currency,1
customs,1
cuts,1
cwiak,1
cyber,1
cycling,1
daddy,1
dae,1
damage,1
damaged,1
dana,1
dancing,1
dapper,1
dapper_det,1
datafile,1
daters,1
dave,1
david,1
davis,1
dawn,1
day's,1
daylifestylesimple,1
dca,1
de,1
deadlines,1
dealing,1
deals,1
debating,1
debut,1
deciding,1
declaration,1
declares,1
declines,1
decrying,1
defeat,1
defeating,1
defended,1
deferred,1
definition,1
defunct,1
degrading,1
degree,1
dejection,1
delegitimizes,1
delete,1
delighting,1
demands,1
demise,1
democracy,1
dems,1
deny,1
depending,1
depict,1
depicts,1
deportation,1
deported,1
depths,1
derives,1
describes,1
deserve,1
deserves,1
designed,1
desperate,1
destroy,1
details,1
detailsnetanyahu,1
detective,1
devalued,1
devastated,1
devastating,1
develop,1
dialo,1
dialogues,1
didnt,1
didn’t,1
die,1
died,1
dies,1
difference,1
difficulty,1
digest,1
dip,1
diplomats,1
directions,1
directly,1
disastrous,1
discover,1
discovering,1
discussions,1
diseases,1
disengaged,1
disfiguring,1
disgusting,1
disinterest,1
dismissing,1
disney,1
disobedience,1
displayed,1
displaying,1
disrupt,1
dissatisfaction,1
disseminate,1
distance,1
distraught,1
distribution,1
district,1
divided,1
dividing,1
divorce,1
dma,1
doctors,1
doesn’t,1
dogs,1
doj,1
domains,1
domestically,1
dominant,1
dong,1
doom,1
doors,1
doubt,1
dow,1
dowd,1
download,1
downwithtyranny,1
doxxing,1
dozens,1
drama,1
dramatically,1
drawn,1
dread,1
dreamed,1
dreams,1
drew,1
drink,1
drive,1
drone,1
dropped,1
drops,1
drug,1
dry,1
dubbed,1
dubbing,1
dubious,1
dumb,1
dumping,1
dvr,1
dynamics,1
dysfunction,1
dyslexic,1
dystopia,1
eager,1
earnest,1
earthquake,1
echoed,1
edge,1
editorial,1
eds,1
effecting,1
egalitarian,1
eirmalasare,1
electronic,1
elect’s,1
eliminate,1
eliminated,1
elimination,1
elise,1
elizabeth,1
elle,1
elusive,1
email,1
emasculated,1
embassy,1
embedded,1
embody,1
embold,1
emergence,1
emissions,1
emmanuel,1
emotion,1
emotions,1
empathy,1
emphasizes,1
employees,1
empowered,1
empowerment,1
empty,1
enact,1
encourage,1
encouraged,1
endorsement,1
enforcement,1
engaged,1
enphase,1
enraged,1
enraging,1
enrich,1
enrolling,1
ensuing,1
ensuring,1
entail,1
entails,1
entertainment,1
enthusiastic,1
entire,1
entities,1
epidemic,1
equally,1
equivalent,1
eric,1
eroding,1
erosion,1
es,1
es.cms.cnn.com,1
escape,1
espousing,1
espresso,1
essays,1
essentially,1
established,1
estranged,1
ethical,1
euripides,1
european,1
evacuate,1
evaluating,1
evans,1
evening,1
everyday,1
evidenced,1
evident,1
evidently,1
evolve,1
examiner,1
examples,1
excessive,1
exchange,1
exec,1
executive,1
exhausted,1
exhibit,1
exist,1
exists,1
exited,1
expanded,1
expectation,1
expense,1
experiences,1
experts,1
explain,1
explaining,1
explanations,1
explicit,1
explore,1
explosions,1
exporters,1
expressions,1
extension,1
exterminate,1
extinguish,1
extravagant,1
extremely,1
extremists,1
exxon,1
fa,1
fabricator,1
faced,1
facist,1
facto,1
factors,1
faculty,1
fads,1
fairly,1
fall,1
fallacy,1
fallen,1
fallert,1
falling,1
familiar,1
families,1
famous,1
fani,1
fans,1
fantastic,1
farce,1
fascinating,1
fast,1
fatally,1
fate,1
favor,1
favored,1
fax,1
fdch,1
feared,1
fearing,1
feat,1
feature,1
feb,1
feed,1
feeling,1
feelings,1
fellas,1
fellow,1
femicide,1
fertility,1
field,1
fifteen,1
fifty,1
figcaption,1
fighting,1
film,1
filmed,1
finally,1
fine,1
fines,1
finish,1
finished,1
firm,1
fishing,1
fix,1
flair,1
flames,1
flanked,1
flash,1
flat,1
flaunts,1
flights,1
flouting,1
focusing,1
folks,1
follower,1
folly,1
fomenting,1
forbes,1
forced,1
forest,1
forests,1
forgotten,1
formed,1
forthcoming,1
fortunes,1
forums,1
fought,1
foundation's,1
fox's,1
france,1
frances,1
frankly,1
freaky,1
french,1
frenzy,1
fresh,1
freshly,1
fritz,1
frosts,1
frustrated,1
frustrating,1
fu,1
fucked,1
fuelled,1
fumble,1
fumbled,1
fun,1
functional,1
fundamental,1
funding,1
furor,1
fury,1
gain,1
games,1
gaps,1
garden,1
garner,1
gas,1
gatherings,1
gathers,1
gauff,1
gayatri,1
gdp,1
genderbased,1
gendered,1
generate,1
generated,1
generation's,1
generational,1
generations,1
genetic,1
george,1
giant,1
gift,1
gilder,1
gina,1
giulia,1
glorifying,1
glorious,1
golf,1
googling,1
govern,1
governing,1
government's,1
grace,1
grad,1
grammy,1
gran,1
grands,1
grayer,1
greatness,1
greeks,1
greeley,1
grievance,1
grieving,1
grip,1
gross,1
ground,1
grounds,1
grows,1
guarantees,1
guard,1
guardian,1
guest,1
guidance,1
gun,1
gunfight,1
guns,1
gutter,1
guttmacher,1
gymnastics,1
gyms,1
gynecologists,1
gynecology,1
h.e,1
halts,1
hand,1
handled,1
handling,1
handshake,1
hang,1
hangul,1
happen,1
harangue,1
hard,1
harris's,1
harris’s,1
harrowing,1
harvard,1
hashtag,1
hasn’t,1
hat,1
hats,1
hear,1
heartbroken,1
heaven's,1
heavy,1
heels,1
helen,1
hell,1
helpful,1
helping,1
hens,1
heritage,1
heteronormative,1
heterosexuality,1
hidden,1
hide,1
hides,1
hijacking,1
hikes,1
hilarious,1
hillary,1
himars,1
historical,1
hockey,1
holocaust,1
homicide,1
homo,1
honduras,1
honolulu,1
hoodie,1
hookup,1
hoon,1
hoped,1
horizontal_xalok.svg,1
horrific,1
hospital,1
hostage,1
hostilities,1
hostility,1
hotline,1
hotlines,1
hottest,1
hovering,1
hruby,1
hsu,1
hub,1
hugs,1
hui,1
hulu’s,1
humanitarian,1
humans,1
humor,1
humorously,1
hunt,1
hunter,1
huynh,1
hype,1
hyper,1
ian,1
ice,1
iconic,1
id,1
idaenam,1
idealize,1
ideally,1
identifying,1
ides,1
ignacio,1
ignites,1
ike,1
illustration,1
imagine,1
immigrant,1
immigrants,1
impacts,1
impeached,1
impeachments,1
imperfect,1
implied,1
imply,1
importance,1
imports,1
imposed,1
imprisoned,1
improve,1
improved,1
improving,1
impulse,1
inaction,1
incentive,1
incess,1
incessantly,1
incident,1
incidents,1
income,1
incomprehensible,1
incorporated,1
incredibly,1
indications,1
indigenous,1
indignation,1
indonesian,1
industries,1
industry,1
influenced,1
influencer,1
informat,1
informed,1
infuria,1
infuriate,1
inherently,1
inhibits,1
initial,1
injuries,1
innovative,1
insights,1
insists,1
inspiration,1
inspires,1
installation,1
installing,1
instance,1
instances,1
institutions,1
insufficient,1
insurance,1
insurrection,1
intel,1
intelligent,1
intense,1
intensity,1
intent,1
intention,1
interaction,1
interactivity,1
intercourse,1
intere,1
internal,1
internationaldonald,1
internationally,1
intertwined,1
intervene,1
intricate,1
intriguing,1
introducing,1
invasive,1
invest,1
investigation,1
investigative,1
invite,1
inviting,1
invoke,1
involve,1
involved,1
involving,1
iotwreport,1
iran,1
irked,1
irritant,1
iruda,1
isd's,1
isha,1
isolate,1
isolation,1
issued,1
italian,1
j.d,1
jab,1
jae,1
jail,1
jake,1
jaketapper,1
james,1
jamie,1
jarring,1
jean,1
jeff,1
jeolla,1
jeopardy,1
jerome,1
jesus,1
jezebel,1
jill,1
jiyoung,1
john's,1
joint,1
joke,1
jonathanturley.org,1
jones,1
joo,1
josiah,1
journalists,1
jpg,1
ju,1
judea,1
judge,1
judy,1
juicy,1
july,1
jumps,1
jungsooyawning,1
karen,1
karla,1
kash,1
kate,1
katharine,1
ken,1
kevin,1
kfluzzatto,1
ki,1
killed,1
killing,1
kindling,1
king's,1
kings,1
kinky,1
kissimmee,1
knees,1
knit,1
knowledge,1
known.the,1
known.what,1
knowtaliban,1
koch,1
kool,1
koreas,1
kristof,1
kursk,1
kyiv,1
labor,1
laced,1
lad,1
laden,1
laken,1
landed,1
landing,1
landmark,1
lapost.com,1
las,1
lasts,1
launch,1
launches,1
lawfare,1
lawless,1
lawyers,1
league,1
leaned,1
lease,1
lecturer,1
ledger,1
leftist,1
leftists,1
legitimate,1
lesson,1
lessons,1
lethal,1
letters,1
leverage,1
lgtbiq,1
liar,1
liberalwomen,1
liberia,1
liberians,1
libertarian,1
lied,1
lies,1
lifestylepeppa,1
lifted,1
lifts,1
lighter,1
lightrocket,1
likewise,1
lily,1
limited,1
lines,1
lips,1
liquidity,1
list,1
lit,1
literature,1
lived,1
lmao,1
lobbied,1
london,1
lorde,1
lorde's,1
losses,1
lots,1
louisville's,1
loves,1
loving,1
lowered,1
lowering,1
lowest,1
lowkey,1
luke,1
lukepbeasley,1
luzzatto,1
lying,1
machine,1
machinery,1
macho,1
macron,1
macy's,1
mad,1
magazines,1
magnate's,1
mail,1
maintain,1
makers,1
malaysia,1
males,1
malhotra,1
malicious,1
managed,1
manager,1
mandates,1
mandatory,1
mandingo,1
manfred,1
manipulated,1
mann,1
manneh,1
mansion,1
mantra,1
mar,1
marco,1
marcos,1
marginalize,1
margins,1
maricopa,1
marie,1
maritime,1
markedly,1
marketers,1
markets,1
marks,1
martyr,1
mary,1
maryland,1
mask,1
matchup,1
matters,1
maureen,1
maxim,1
mcconnell's,1
mccormick,1
mccoy,1
md,1
meaningful,1
measles,1
mediaite,1
medical,1
medication,1
medicine,1
medieval,1
meetings,1
mega,1
melania,1
melinda,1
meltdowns,1
melting,1
meme,1
memes,1
memo,1
mentioned,1
merger,1
merits,1
mesa,1
messages,1
messy,1
metaphor,1
meteorological,1
meters,1
method,1
methods,1
michael,1
michigan,1
microphone,1
middle,1
migrant,1
migrants,1
mile,1
milk,1
mills,1
mimicked,1
minded,1
minefield,1
mines,1
miniature,1
ministry,1
minorities,1
minority,1
mises,1
misogynist,1
misogynists,1
misogyny.christine,1
missiles,1
missions,1
mistake,1
mistaken,1
mister,1
misty,1
mitch,1
mob,1
mobilized,1
mocks,1
mode,1
models,1
moments,1
money,1
mongered,1
monitors,1
monster,1
month,1
monumental,1
moonbats,1
moonbattery,1
moons,1
moral,1
morale,1
moscow,1
motive,1
mounted,1
mourning,1
movies,1
movimiento,1
mph,1
multifaceted,1
murray,1
music,1
muslims,1
myth,1
myung,1
nails,1
nam,1
naming,1
nancy,1
narrates,1
narrative,1
nascar,1
nationalism,1
nationals,1
natural,1
navigate,1
nazi,1
negatively,1
neighborhood,1
neighborhoods,1
neighbors,1
neuroscientist,1
neutral,1
nevada,1
newsbusters.org,1
newspaper,1
newsrooms,1
nfl,1
nicole,1
nightmare,1
nixed,1
nomination,1
nominations,1
nominee,1
normalized,1
northeastern,1
northern,1
northwest,1
noshes,1
notable,1
notably,1
no’s,1
npr,1
nuance,1
nubian,1
nuke,1
numbness,1
nursing,1
nuthouse,1
ny,1
nymphomaniacs,1
oath,1
oberlin,1
objective,1
observe,1
observer,1
obstetrics,1
obvious,1
occurrences,1
oddly,1
oecd,1
offenses,1
offering,1
offerings,1
official,1
offshore,1
oil,1
okayed,1
olivia,1
omen,1
one's,1
onlyfans,1
op,1
operation,1
opinions,1
opportunities,1
opposed,1
opposing,1
oppressed,1
oppression,1
oppressive,1
oprah,1
opting,1
oral,1
organisation,1
organizations,1
organize,1
organizing,1
origin,1
origins,1
outcome,1
outlet,1
outlets,1
outlived,1
outlooks,1
outraged,1
outweigh,1
ovation,1
overlooking,1
overreaching,1
overwhelming,1
owens,1
pace,1
pacific,1
package,1
pageant,1
pager,1
paid,1
painful,1
painfully,1
paint,1
painted,1
painter,1
pajamas,1
pandemic,1
panel,1
pantomimes,1
paradox,1
parallel,1
paralyze,1
paralyzes,1
paralyzing,1
pardon,1
pardons,1
paris,1
parking,1
parks,1
parole,1
partaking,1
partially,1
participants,1
participate,1
participation,1
partly,1
passenger,1
passionate,1
patel,1
patel’s,1
pathological,1
patient,1
patrick,1
paul,1
paula,1
paying,1
payne,1
payout,1
pays,1
peace,1
peaceful,1
peak,1
pegula,1
pelosi,1
penchant,1
penned,1
people's,1
peppa,1
perceive,1
perceived,1
performances,1
performer,1
peril,1
period,1
permission,1
permissive,1
perpetrator,1
perpetrators,1
persevered,1
person,1
personalities,1
personalized,1
personnel,1
pertain,1
petersen,1
pets,1
philip,1
phone,1
photographed,1
photographer,1
photographic,1
photography,1
phy,1
phys.org,1
pichai,1
pics,1
piece,1
piggy,1
pill,1
pink,1
pissed,1
pl,1
plastered,1
platonic,1
playground,1
playing,1
pleading,1
plummet,1
pm,1
poaching,1
polarizing,1
politicized,1
polled,1
poop,1
populations,1
pornography,1
port,1
portion,1
pose,1
positioning,1
possibly,1
poster,1
posting,1
pounds,1
powered,1
ppp,1
practical,1
practiced,1
practices,1
practicing,1
praises,1
praying,1
prays,1
precautions,1
precipice,1
pregnancy,1
presid,1
presidentelect's,1
presses,1
pressures,1
priest,1
primary,1
principle,1
prioritize,1
private,1
prix,1
proclaiming,1
procreation,1
producing,1
progressives,1
prohibited,1
proliferating,1
promoted,1
promotion,1
pronounced,1
proof,1
proportions,1
proposal,1
proposed,1
proposes,1
propositions,1
prosecuted,1
prosecuting,1
prosecutor,1
prospect,1
prospects,1
protecting,1
proudly,1
proves,1
provide,1
providers,1
providing,1
psychiatrist,1
psychiatry,1
publication,1
pundit,1
purity,1
purple,1
putting,1
qatar,1
qoute,1
qualified,1
queries,1
quest,1
quick,1
quintessentially,1
quo,1
racialized,1
racist,1
racketeering,1
radiation,1
radicals,1
rage,1
raging,1
rainier,1
raised,1
rallies,1
rampant,1
random,1
range,1
ranger,1
rankings,1
rare,1
rarely,1
rarity,1
raskin,1
ratified,1
rats,1
rattling,1
ravenous,1
raymond,1
reach,1
react,1
reacted,1
realityreelclips,1
realized,1
reassert,1
reassessment,1
rebel,1
rebellion,1
rebrand,1
rebranding,1
rebuild,1
rece,1
received,1
reckless,1
reckoning,1
reclaiming,1
reclamation,1
recognise,1
recognized,1
recorded,1
records,1
recourse,1
recovering,1
reddit,1
rediscovers,1
reductions,1
reel,1
reelected,1
reesa,1
reevaluate,1
refer,1
references,1
referred,1
reflected,1
reflecting,1
refrain,1
refraining,1
refusal,1
regard,1
regime,1
regulate,1
rejuvenating,1
relation,1
relaxed,1
release,1
relegated,1
relevant,1
religion,1
reluctant,1
remaining,1
remember,1
reminder,1
reminiscent,1
renominated,1
renouncing,1
repeal,1
repeatedly,1
repeats,1
replacing,1
replicated,1
replied,1
reporting,1
reposted,1
represent,1
requirements,1
resentful,1
reserved,1
reshape,1
reshapes,1
resided,1
residents,1
resigned,1
resilc,1
resolve,1
resonate,1
resonates,1
responding,1
responsible,1
rest,1
restrict,1
restroom,1
restructuring,1
resulted,1
resurgence,1
retain,1
retirement,1
retribution,1
returns,1
rev,1
revelatory,1
reverberated,1
reverse,1
review,1
revisited,1
reviving,1
revoked,1
revokes,1
revolving,1
reward,1
rhetoric,1
rift,1
riley,1
rings,1
rioters,1
rip,1
river,1
roared,1
rob,1
rocking,1
rollbacks,1
romans,1
romantasy,1
rounded,1
rousing,1
rubio,1
rules,1
ruling,1
rushed,1
russians,1
s.e,1
sacrifice,1
safe,1
safest,1
sake,1
salamanders,1
salazar,1
salvador,1
samantha,1
samaria,1
san,1
sarcasm,1
satirical,1
saturday,1
scale,1
scanning,1
scene,1
scenic,1
schadenfreude,1
scholar,1
science,1
score,1
scouring,1
scrambled,1
screens,1
seared,1
seated,1
seating,1
seaweed,1
secret,1
secretary,1
secretly,1
sectarian,1
section,1
securing,1
sedentary,1
seekers,1
seeks,1
seemingly,1
segments,1
seismic,1
seitz,1
selfish,1
sen,1
senators,1
send,1
sending,1
senior,1
sensationalized,1
sensitive,1
sentenced,1
seong,1
separates,1
sequined,1
serve,1
serves,1
services,1
sessions,1
settled,1
settlement,1
settling,1
severe,1
sexbot,1
sexless,1
sexuality,1
señor,1
shaken,1
shaky,1
shame,1
shape,1
sharma,1
sheinbaum,1
shelter,1
shelters,1
shepherds,1
shifted,1
shining,1
shirts,1
shop,1
shortcut,1
shortly,1
shortsighted,1
showcasing,1
shrinks,1
shutdowns,1
siblings,1
sidelined,1
sidman,1
significant,1
significantly,1
silvey,1
similarly,1
simple,1
sincere,1
sister,1
sites,1
situation,1
skateboarding,1
sked,1
skirt,1
sky,1
slammed,1
sleeping,1
slew,1
slide,1
slow,1
slumps,1
smartphone,1
smn,1
smotrich,1
snarked,1
sneering,1
snowfall,1
sociologist,1
socratic,1
sodomy,1
sofia,1
solace,1
soldiers,1
song,1
sopa,1
sordid,1
sore,1
sounds,1
sources,1
sowed,1
space,1
space.com,1
spanked,1
spare,1
sparks,1
spartans,1
specialist,1
specializes,1
specific,1
spectacular,1
spectrum,1
spend,1
spent,1
spew,1
spews,1
spicer,1
spike,1
spirit,1
spoil,1
spokesperson,1
spotlight,1
spreads,1
spree,1
spurred,1
spurs,1
squares,1
squeeze,1
stabbing,1
stabs,1
stances,1
standard,1
stark,1
starker,1
starts,1
starved,1
statements,1
steals,1
steamy,1
stefanik,1
steinberg,1
stemming,1
stems,1
stephanie,1
stephen,1
stepping,1
steve,1
stewart,1
stiffs,1
stifling,1
stillness,1
stimulus,1
stinging,1
stint,1
stir,1
stirred,1
stock,1
stocks,1
stoking,1
stood,1
stopping,1
storm,1
storming,1
strategies,1
streamers,1
streamer’s,1
strengthens,1
stress,1
striking,1
stripped,1
strolls,1
structural,1
struggles,1
stuff,1
stunt,1
stupid,1
subjects,1
submitting,1
subordinate,1
substantial,1
subtitle,1
success,1
suffered,1
suffers,1
summary,1
sun,1
suncheon,1
sundar,1
sundered,1
sunset,1
super,1
superfluous,1
supply,1
supplying,1
suppose,1
surpassed,1
surprise,1
surprising,1
surprisingly,1
surrender,1
surveyed,1
suspect,1
sustaining,1
suzanne,1
sweep,1
sweeps,1
swept,1
swift,1
swing,1
swinging,1
syllable,1
sympathizes,1
sílvia,1
t.co,1
ta,1
tack,1
taliban,1
talker,1
tank,1
tanks,1
tapper,1
tardigrades,1
tareasa,1
targeted,1
targeting,1
targets,1
taught,1
teach,1
teaches,1
team,1
teaser,1
teeny,1
teesa,1
tel,1
televised,1
tellers,1
tend,1
tennis,1
tension,1
tenure,1
term.the,1
term.women,1
terrific,1
testosterone,1
tf,1
thankful,1
theater,1
theft,1
theleadcnn,1
theorist,1
therapy,1
thinking,1
threads,1
threat,1
threatening,1
threw,1
tiafoe,1
ticker,1
tied,1
tiktokers,1
till,1
tiny,1
title__img,1
title__info,1
today's,1
today’s,1
tokyo,1
tomorrow,1
tool,1
toppers,1
toraji,1
touted,1
town,1
toxicity,1
toys,1
track,1
tracks,1
trad,1
trade,1
trading,1
traditionally,1
trafficking,1
transition,1
translate,1
transparency,1
transported,1
travel,1
treatment,1
treene,1
trial,1
tribune,1
tribute,1
trick,1
trimesters,1
triumphant,1
trojan,1
trolls,1
trope,1
trumpism,1
trumps,1
tucson,1
tuesday’s,1
twitch,1
twitter.com,1
tycoon,1
typhoon,1
typical,1
u.k,1
ufc,1
ultra,1
umpteenth,1
unafraid,1
unborn,1
uncertainties,1
uncommon,1
unconstitutional,1
unconventional,1
undeniably,1
underscoring,1
understanding,1
undervalued,1
underwhelm,1
undetermined,1
undocumented,1
unexpectedly,1
unidentified,1
unique,1
universities,1
university's,1
unknown,1
unlike,1
unmitigated,1
unpatriotic,1
unpunished,1
unrealistic,1
unresolved,1
unrest,1
unsafe,1
unscripted,1
unseats,1
unserious,1
unsupportive,1
updates,1
upside,1
uptake,1
urbanism,1
urgency,1
usefulness,1
utah,1
vacated,1
vacuum,1
vague,1
valley,1
valuable,1
van,1
vance,1
vanguardia.com.mx,1
variants,1
varied,1
variety,1
vastly,1
vegas,1
velazquez,1
venture,1
versus,1
veteran,1
vibes,1
vibrators,1
viewed,1
violent,1
virtually,1
virtuous,1
virulent,1
vision,1
visionary,1
visits,1
vituperative,1
vocal,1
voice,1
volcano,1
volunteer,1
voter,1
vows,1
waited,1
waking,1
wall,1
wanders,1
wanna,1
warehouse,1
warned,1
warns,1
warren,1
wastrels,1
watch,1
watched,1
water,1
waving,1
weapon,1
weaponizing,1
wear,1
wearing,1
weather,1
weddings,1
wednesday,1
wee,1
weekend,1
weigh,1
weird,1
wf_cms.rss.read_more,1
whatsapp,1
what’s,1
wheel,1
wher,1
whining,1
whiny,1
who've,1
whopping,1
widen,1
widened,1
wider,1
width,1
william,1
willis,1
wills,1
window,1
winfrey,1
winner,1
wisconsin,1
witch,1
withheld,1
witnessed,1
witnessing,1
wm.edu,1
wokesters,1
wolf,1
wombs,1
wome,1
women’s,1
wondering,1
wore,1
workloads,1
worry,1
worrying,1
worthy,1
wounds,1
wrap,1
writing,1
written,1
www.digitaljournal.com,1
www.eltiempo.com,1
www.nakedcapitalism.com,1
www.nbcnews.com,1
xlaurnalexis,1
y'all,1
yoga,1
yonhap,1
youth,1
you’ve,1
z's,1
zabar’s,1
zelenskyy,1
zoe,1
zombie,1
zoë,1
zuckerberg,1
z’s,1
